<SubmitObjectsRequest xmlns:xsi="http://www.w3.org/2001/XMLSchema-instance"
  xmlns:xsd="http://www.w3.org/2001/XMLSchema" xmlns="urn:oasis:names:tc:ebxml-regrep:xsd:lcm:3.0">
  <RegistryObjectList xmlns="urn:oasis:names:tc:ebxml-regrep:xsd:rim:3.0">
    <ExtrinsicObject id="eo1ID" objectType="urn:uuid:7edca82f-054d-47f2-a032-9b2a5b5186c1"
      status="urn:oasis:names:tc:ebxml-regrep:StatusType:Approved" mimeType="text/xml"
      isOpaque="false">
      <Slot name="repositoryUniqueId">
        <ValueList>
          <Value>65314142.0519.4144.9062.8823478312</Value>
        </ValueList>
      </Slot>
      <Slot name="creationTime">
        <ValueList>
          <Value>20120806</Value>
        </ValueList>
      </Slot>
      <Slot name="languageCode">
        <ValueList>
          <Value>en-us</Value>
        </ValueList>
      </Slot>
      <Slot name="sourcePatientId">
        <ValueList>
          <Value>1^^^&amp;2.16.840.1.113883.4.6&amp;ISO</Value>
        </ValueList>
      </Slot>
      <Slot name="sourcePatientInfo">
        <ValueList>
          <Value>PID-3|1^^^&amp;2.16.840.1.113883.4.6&amp;ISO</Value>
          <Value>PID-5|Jones^Isabella^^^^</Value>
          <Value>PID-7|19700501</Value>
          <Value>PID-8|F</Value>
          <Value>PID-11|1357 Amber Drive^^Beaverton^OR^97006^</Value>
        </ValueList>
      </Slot>
      <Slot name="URI">
        <ValueList>
          <Value>INPCODENOTVALSET.XML</Value>
        </ValueList>
      </Slot>
      <Slot name="size">
        <ValueList>
          <Value>160707</Value>
        </ValueList>
      </Slot>
      <Slot name="hash">
        <ValueList>
          <Value>dcc7097e6540cb3a62cc734a673a3a61dc1412eb</Value>
        </ValueList>
      </Slot>
      <Classification id="class1"
        objectType="urn:oasis:names:tc:ebxml-regrep:ObjectType:RegistryObject:Classification"
        classificationScheme="urn:uuid:93606bcf-9494-43ec-9b4e-a7748d1a838d"
        classifiedObject="eo1ID">
        <Slot name="authorInstitution">
          <ValueList>
            <Value>Community Health and Hospitals</Value>
          </ValueList>
        </Slot>
      </Classification>
      <Classification id="class2"
        objectType="urn:oasis:names:tc:ebxml-regrep:ObjectType:RegistryObject:Classification"
        classificationScheme="urn:uuid:a09d5840-386c-46f2-b5ad-9c3699a4309d"
        classifiedObject="eo1ID" nodeRepresentation="2.16.840.1.113883.10.20.1">
        <Slot name="codingScheme">
          <ValueList>
            <Value>HITSP</Value>
          </ValueList>
        </Slot>
        <Name>
          <LocalizedString value="name"/>
        </Name>
      </Classification>
      <Classification id="class3"
        objectType="urn:oasis:names:tc:ebxml-regrep:ObjectType:RegistryObject:Classification"
        classificationScheme="urn:uuid:f0306f51-975f-434e-a61c-c59651d33983"
        classifiedObject="eo1ID" nodeRepresentation="34133-9">
        <Slot name="codingScheme">
          <ValueList>
            <Value>LOINC</Value>
          </ValueList>
        </Slot>
        <Name>
          <LocalizedString value="name"/>
        </Name>
      </Classification>
      <ExternalIdentifier id="ei1" registryObject="eo1ID"
        identificationScheme="urn:uuid:58a6f841-87b3-4a3e-92fd-a8ffeff98427"
        value="1^^^&amp;2.16.840.1.113883.4.6&amp;ISO">
        <Name>
          <LocalizedString value="XDSDocumentEntry.patientId"/>
        </Name>
      </ExternalIdentifier>
      <ExternalIdentifier id="ei2" registryObject="eo1ID"
        identificationScheme="urn:uuid:2e82c1f6-a085-4c72-9da3-8640a32e42ab"
        value="1.2.840.114350.1.13.252.1.7.2.688879.2004.6596592149557.12">
        <Name>
          <LocalizedString value="XDSDocumentEntry.uniqueId"/>
        </Name>
      </ExternalIdentifier>
    </ExtrinsicObject>
    <RegistryPackage id="SubmissionSet"
      status="urn:oasis:names:tc:ebxml-regrep:StatusType:Submitted">
      <Slot name="submissionTime">
        <ValueList>
          <Value>20150625</Value>
        </ValueList>
      </Slot>
      <Name>
        <LocalizedString value="Submission Set"/>
      </Name>
      <Classification id="class4"
        objectType="urn:oasis:names:tc:ebxml-regrep:ObjectType:RegistryObject:Classification"
        classificationScheme="urn:uuid:a7058bb9-b4e4-4307-ba5b-e3f0ab85e12d"
        classifiedObject="SubmissionSet">
        <Slot name="authorInstitution">
          <ValueList>
            <Value>Community Health and Hospitals</Value>
          </ValueList>
        </Slot>
        <Slot name="authorPerson">
          <ValueList>
            <Value>Seven^Henry</Value>
          </ValueList>
        </Slot>
      </Classification>
      <ExternalIdentifier id="ei3" registryObject="SubmissionSet"
        identificationScheme="urn:uuid:6b5aea1a-874d-4603-a4bc-96a0a7b38446"
        value="1^^^&amp;2.16.840.1.113883.4.6&amp;ISO">
        <Name>
          <LocalizedString value="XDSSubmissionSet.patientId"/>
        </Name>
      </ExternalIdentifier>
      <ExternalIdentifier id="ei4" registryObject="SubmissionSet"
        identificationScheme="urn:uuid:554ac39e-e3fe-47fe-b233-965d2a147832"
        value="1.2.840.114350.1.13.252.1.7.2.688879">
        <Name>
          <LocalizedString value="XDSSubmissionSet.sourceId"/>
        </Name>
      </ExternalIdentifier>
      <ExternalIdentifier id="ei5" registryObject="SubmissionSet"
        identificationScheme="urn:uuid:96fdda7c-d067-4183-912e-bf5ee74998a8"
        value="1.2.840.114350.1.13.252.1.7.2.688879.2004.919214959835712">
        <Name>
          <LocalizedString value="XDSSubmissionSet.uniqueId"/>
        </Name>
      </ExternalIdentifier>
    </RegistryPackage>
    <Classification id="class5"
      objectType="urn:oasis:names:tc:ebxml-regrep:ObjectType:RegistryObject:Classification"
      classifiedObject="SubmissionSet"
      classificationNode="urn:uuid:a54d6aa5-d40d-43f9-88c5-b4633d873bdd"/>
    <Association id="ass1"
      associationType="urn:oasis:names:tc:ebxml-regrep:AssociationType:HasMember"
      sourceObject="SubmissionSet" targetObject="eo1ID">
      <Slot name="SubmissionSetStatus">
        <ValueList>
          <Value>Original</Value>
        </ValueList>
      </Slot>
    </Association>
    <ObjectRef id="urn:uuid:7edca82f-054d-47f2-a032-9b2a5b5186c1"/>
    <ObjectRef id="urn:uuid:58a6f841-87b3-4a3e-92fd-a8ffeff98427"/>
    <ObjectRef id="urn:uuid:2e82c1f6-a085-4c72-9da3-8640a32e42ab"/>
    <ObjectRef id="urn:uuid:41a5887f-8865-4c09-adf7-e362475b143a"/>
    <ObjectRef id="urn:uuid:f4f85eac-e6cb-4883-b524-f2705394840f"/>
    <ObjectRef id="urn:uuid:a09d5840-386c-46f2-b5ad-9c3699a4309d"/>
    <ObjectRef id="urn:uuid:f33fb8ac-18af-42cc-ae0e-ed0b0bdb91e1"/>
    <ObjectRef id="urn:uuid:cccf5598-8b07-4b77-a05e-ae952c785ead"/>
    <ObjectRef id="urn:uuid:f0306f51-975f-434e-a61c-c59651d33983"/>
    <ObjectRef id="urn:uuid:6b5aea1a-874d-4603-a4bc-96a0a7b38446"/>
    <ObjectRef id="urn:uuid:554ac39e-e3fe-47fe-b233-965d2a147832"/>
    <ObjectRef id="urn:uuid:96fdda7c-d067-4183-912e-bf5ee74998a8"/>
    <ObjectRef id="urn:uuid:aa543740-bdda-424e-8c96-df4873be8500"/>
    <ObjectRef id="urn:uuid:a54d6aa5-d40d-43f9-88c5-b4633d873bdd"/>
  </RegistryObjectList>
</SubmitObjectsRequest>
